table_catalog,table_schema,table_name,column_name,ordinal_position,is_nullable,data_type,is_generated,generation_expression,is_stored,is_hidden,is_updatable,is_system_defined,is_partitioning_column,clustering_ordinal_position,collation_name,column_default,rounding_mode
bigquery-public-data,new_york_taxi_trips,tlc_yellow_trips_2023,vendor_id,1,NO,STRING,NEVER,,,NO,,NO,NO,,NULL,NULL,
bigquery-public-data,new_york_taxi_trips,tlc_yellow_trips_2023,pickup_datetime,2,YES,TIMESTAMP,NEVER,,,NO,,NO,NO,,NULL,NULL,
bigquery-public-data,new_york_taxi_trips,tlc_yellow_trips_2023,dropoff_datetime,3,YES,TIMESTAMP,NEVER,,,NO,,NO,NO,,NULL,NULL,
bigquery-public-data,new_york_taxi_trips,tlc_yellow_trips_2023,passenger_count,4,YES,INT64,NEVER,,,NO,,NO,NO,,NULL,NULL,
bigquery-public-data,new_york_taxi_trips,tlc_yellow_trips_2023,trip_distance,5,YES,NUMERIC,NEVER,,,NO,,NO,NO,,NULL,NULL,
bigquery-public-data,new_york_taxi_trips,tlc_yellow_trips_2023,rate_code,6,YES,STRING,NEVER,,,NO,,NO,NO,,NULL,NULL,
bigquery-public-data,new_york_taxi_trips,tlc_yellow_trips_2023,store_and_fwd_flag,7,YES,STRING,NEVER,,,NO,,NO,NO,,NULL,NULL,
bigquery-public-data,new_york_taxi_trips,tlc_yellow_trips_2023,payment_type,8,YES,STRING,NEVER,,,NO,,NO,NO,,NULL,NULL,
bigquery-public-data,new_york_taxi_trips,tlc_yellow_trips_2023,fare_amount,9,YES,NUMERIC,NEVER,,,NO,,NO,NO,,NULL,NULL,
bigquery-public-data,new_york_taxi_trips,tlc_yellow_trips_2023,extra,10,YES,NUMERIC,NEVER,,,NO,,NO,NO,,NULL,NULL,
bigquery-public-data,new_york_taxi_trips,tlc_yellow_trips_2023,mta_tax,11,YES,NUMERIC,NEVER,,,NO,,NO,NO,,NULL,NULL,
bigquery-public-data,new_york_taxi_trips,tlc_yellow_trips_2023,tip_amount,12,YES,NUMERIC,NEVER,,,NO,,NO,NO,,NULL,NULL,
bigquery-public-data,new_york_taxi_trips,tlc_yellow_trips_2023,tolls_amount,13,YES,NUMERIC,NEVER,,,NO,,NO,NO,,NULL,NULL,
bigquery-public-data,new_york_taxi_trips,tlc_yellow_trips_2023,imp_surcharge,14,YES,NUMERIC,NEVER,,,NO,,NO,NO,,NULL,NULL,
bigquery-public-data,new_york_taxi_trips,tlc_yellow_trips_2023,total_amount,15,YES,NUMERIC,NEVER,,,NO,,NO,NO,,NULL,NULL,
bigquery-public-data,new_york_taxi_trips,tlc_yellow_trips_2023,pickup_location_id,16,YES,STRING,NEVER,,,NO,,NO,NO,,NULL,NULL,
bigquery-public-data,new_york_taxi_trips,tlc_yellow_trips_2023,dropoff_location_id,17,YES,STRING,NEVER,,,NO,,NO,NO,,NULL,NULL,
bigquery-public-data,new_york_taxi_trips,tlc_yellow_trips_2023,data_file_year,18,YES,INT64,NEVER,,,NO,,NO,NO,,NULL,NULL,
bigquery-public-data,new_york_taxi_trips,tlc_yellow_trips_2023,data_file_month,19,YES,INT64,NEVER,,,NO,,NO,NO,,NULL,NULL,
bigquery-public-data,new_york_taxi_trips,tlc_yellow_trips_2016,vendor_id,1,NO,STRING,NEVER,,,NO,,NO,NO,,NULL,NULL,
bigquery-public-data,new_york_taxi_trips,tlc_yellow_trips_2016,pickup_datetime,2,YES,TIMESTAMP,NEVER,,,NO,,NO,NO,,NULL,NULL,
bigquery-public-data,new_york_taxi_trips,tlc_yellow_trips_2016,dropoff_datetime,3,YES,TIMESTAMP,NEVER,,,NO,,NO,NO,,NULL,NULL,
bigquery-public-data,new_york_taxi_trips,tlc_yellow_trips_2016,passenger_count,4,YES,INT64,NEVER,,,NO,,NO,NO,,NULL,NULL,
bigquery-public-data,new_york_taxi_trips,tlc_yellow_trips_2016,trip_distance,5,YES,NUMERIC,NEVER,,,NO,,NO,NO,,NULL,NULL,
bigquery-public-data,new_york_taxi_trips,tlc_yellow_trips_2016,rate_code,6,YES,STRING,NEVER,,,NO,,NO,NO,,NULL,NULL,
bigquery-public-data,new_york_taxi_trips,tlc_yellow_trips_2016,store_and_fwd_flag,7,YES,STRING,NEVER,,,NO,,NO,NO,,NULL,NULL,
bigquery-public-data,new_york_taxi_trips,tlc_yellow_trips_2016,payment_type,8,YES,STRING,NEVER,,,NO,,NO,NO,,NULL,NULL,
bigquery-public-data,new_york_taxi_trips,tlc_yellow_trips_2016,fare_amount,9,YES,NUMERIC,NEVER,,,NO,,NO,NO,,NULL,NULL,
bigquery-public-data,new_york_taxi_trips,tlc_yellow_trips_2016,extra,10,YES,NUMERIC,NEVER,,,NO,,NO,NO,,NULL,NULL,
bigquery-public-data,new_york_taxi_trips,tlc_yellow_trips_2016,mta_tax,11,YES,NUMERIC,NEVER,,,NO,,NO,NO,,NULL,NULL,
bigquery-public-data,new_york_taxi_trips,tlc_yellow_trips_2016,tip_amount,12,YES,NUMERIC,NEVER,,,NO,,NO,NO,,NULL,NULL,
bigquery-public-data,new_york_taxi_trips,tlc_yellow_trips_2016,tolls_amount,13,YES,NUMERIC,NEVER,,,NO,,NO,NO,,NULL,NULL,
bigquery-public-data,new_york_taxi_trips,tlc_yellow_trips_2016,imp_surcharge,14,YES,NUMERIC,NEVER,,,NO,,NO,NO,,NULL,NULL,
bigquery-public-data,new_york_taxi_trips,tlc_yellow_trips_2016,airport_fee,15,YES,NUMERIC,NEVER,,,NO,,NO,NO,,NULL,NULL,
bigquery-public-data,new_york_taxi_trips,tlc_yellow_trips_2016,total_amount,16,YES,NUMERIC,NEVER,,,NO,,NO,NO,,NULL,NULL,
bigquery-public-data,new_york_taxi_trips,tlc_yellow_trips_2016,pickup_location_id,17,YES,STRING,NEVER,,,NO,,NO,NO,,NULL,NULL,
bigquery-public-data,new_york_taxi_trips,tlc_yellow_trips_2016,dropoff_location_id,18,YES,STRING,NEVER,,,NO,,NO,NO,,NULL,NULL,
bigquery-public-data,new_york_taxi_trips,tlc_yellow_trips_2016,data_file_year,19,YES,INT64,NEVER,,,NO,,NO,NO,,NULL,NULL,
bigquery-public-data,new_york_taxi_trips,tlc_yellow_trips_2016,data_file_month,20,YES,INT64,NEVER,,,NO,,NO,NO,,NULL,NULL,
bigquery-public-data,new_york_taxi_trips,tlc_green_trips_2018,vendor_id,1,NO,STRING,NEVER,,,NO,,NO,NO,,NULL,NULL,
bigquery-public-data,new_york_taxi_trips,tlc_green_trips_2018,pickup_datetime,2,YES,TIMESTAMP,NEVER,,,NO,,NO,NO,,NULL,NULL,
bigquery-public-data,new_york_taxi_trips,tlc_green_trips_2018,dropoff_datetime,3,YES,TIMESTAMP,NEVER,,,NO,,NO,NO,,NULL,NULL,
bigquery-public-data,new_york_taxi_trips,tlc_green_trips_2018,store_and_fwd_flag,4,YES,STRING,NEVER,,,NO,,NO,NO,,NULL,NULL,
bigquery-public-data,new_york_taxi_trips,tlc_green_trips_2018,rate_code,5,YES,STRING,NEVER,,,NO,,NO,NO,,NULL,NULL,
bigquery-public-data,new_york_taxi_trips,tlc_green_trips_2018,passenger_count,6,YES,INT64,NEVER,,,NO,,NO,NO,,NULL,NULL,
bigquery-public-data,new_york_taxi_trips,tlc_green_trips_2018,trip_distance,7,YES,NUMERIC,NEVER,,,NO,,NO,NO,,NULL,NULL,
bigquery-public-data,new_york_taxi_trips,tlc_green_trips_2018,fare_amount,8,YES,NUMERIC,NEVER,,,NO,,NO,NO,,NULL,NULL,
bigquery-public-data,new_york_taxi_trips,tlc_green_trips_2018,extra,9,YES,NUMERIC,NEVER,,,NO,,NO,NO,,NULL,NULL,
bigquery-public-data,new_york_taxi_trips,tlc_green_trips_2018,mta_tax,10,YES,NUMERIC,NEVER,,,NO,,NO,NO,,NULL,NULL,
bigquery-public-data,new_york_taxi_trips,tlc_green_trips_2018,tip_amount,11,YES,NUMERIC,NEVER,,,NO,,NO,NO,,NULL,NULL,
bigquery-public-data,new_york_taxi_trips,tlc_green_trips_2018,tolls_amount,12,YES,NUMERIC,NEVER,,,NO,,NO,NO,,NULL,NULL,
bigquery-public-data,new_york_taxi_trips,tlc_green_trips_2018,ehail_fee,13,YES,NUMERIC,NEVER,,,NO,,NO,NO,,NULL,NULL,
bigquery-public-data,new_york_taxi_trips,tlc_green_trips_2018,airport_fee,14,YES,NUMERIC,NEVER,,,NO,,NO,NO,,NULL,NULL,
bigquery-public-data,new_york_taxi_trips,tlc_green_trips_2018,total_amount,15,YES,NUMERIC,NEVER,,,NO,,NO,NO,,NULL,NULL,
bigquery-public-data,new_york_taxi_trips,tlc_green_trips_2018,payment_type,16,YES,STRING,NEVER,,,NO,,NO,NO,,NULL,NULL,
bigquery-public-data,new_york_taxi_trips,tlc_green_trips_2018,distance_between_service,17,YES,NUMERIC,NEVER,,,NO,,NO,NO,,NULL,NULL,
bigquery-public-data,new_york_taxi_trips,tlc_green_trips_2018,time_between_service,18,YES,INT64,NEVER,,,NO,,NO,NO,,NULL,NULL,
bigquery-public-data,new_york_taxi_trips,tlc_green_trips_2018,trip_type,19,YES,STRING,NEVER,,,NO,,NO,NO,,NULL,NULL,
bigquery-public-data,new_york_taxi_trips,tlc_green_trips_2018,imp_surcharge,20,YES,NUMERIC,NEVER,,,NO,,NO,NO,,NULL,NULL,
bigquery-public-data,new_york_taxi_trips,tlc_green_trips_2018,pickup_location_id,21,YES,STRING,NEVER,,,NO,,NO,NO,,NULL,NULL,
bigquery-public-data,new_york_taxi_trips,tlc_green_trips_2018,dropoff_location_id,22,YES,STRING,NEVER,,,NO,,NO,NO,,NULL,NULL,
bigquery-public-data,new_york_taxi_trips,tlc_green_trips_2018,data_file_year,23,YES,INT64,NEVER,,,NO,,NO,NO,,NULL,NULL,
bigquery-public-data,new_york_taxi_trips,tlc_green_trips_2018,data_file_month,24,YES,INT64,NEVER,,,NO,,NO,NO,,NULL,NULL,
bigquery-public-data,new_york_taxi_trips,tlc_green_trips_2019,vendor_id,1,NO,STRING,NEVER,,,NO,,NO,NO,,NULL,NULL,
bigquery-public-data,new_york_taxi_trips,tlc_green_trips_2019,pickup_datetime,2,YES,TIMESTAMP,NEVER,,,NO,,NO,NO,,NULL,NULL,
bigquery-public-data,new_york_taxi_trips,tlc_green_trips_2019,dropoff_datetime,3,YES,TIMESTAMP,NEVER,,,NO,,NO,NO,,NULL,NULL,
bigquery-public-data,new_york_taxi_trips,tlc_green_trips_2019,store_and_fwd_flag,4,YES,STRING,NEVER,,,NO,,NO,NO,,NULL,NULL,
bigquery-public-data,new_york_taxi_trips,tlc_green_trips_2019,rate_code,5,YES,STRING,NEVER,,,NO,,NO,NO,,NULL,NULL,
bigquery-public-data,new_york_taxi_trips,tlc_green_trips_2019,passenger_count,6,YES,INT64,NEVER,,,NO,,NO,NO,,NULL,NULL,
bigquery-public-data,new_york_taxi_trips,tlc_green_trips_2019,trip_distance,7,YES,NUMERIC,NEVER,,,NO,,NO,NO,,NULL,NULL,
bigquery-public-data,new_york_taxi_trips,tlc_green_trips_2019,fare_amount,8,YES,NUMERIC,NEVER,,,NO,,NO,NO,,NULL,NULL,
bigquery-public-data,new_york_taxi_trips,tlc_green_trips_2019,extra,9,YES,NUMERIC,NEVER,,,NO,,NO,NO,,NULL,NULL,
bigquery-public-data,new_york_taxi_trips,tlc_green_trips_2019,mta_tax,10,YES,NUMERIC,NEVER,,,NO,,NO,NO,,NULL,NULL,
bigquery-public-data,new_york_taxi_trips,tlc_green_trips_2019,tip_amount,11,YES,NUMERIC,NEVER,,,NO,,NO,NO,,NULL,NULL,
bigquery-public-data,new_york_taxi_trips,tlc_green_trips_2019,tolls_amount,12,YES,NUMERIC,NEVER,,,NO,,NO,NO,,NULL,NULL,
bigquery-public-data,new_york_taxi_trips,tlc_green_trips_2019,ehail_fee,13,YES,NUMERIC,NEVER,,,NO,,NO,NO,,NULL,NULL,
bigquery-public-data,new_york_taxi_trips,tlc_green_trips_2019,airport_fee,14,YES,NUMERIC,NEVER,,,NO,,NO,NO,,NULL,NULL,
bigquery-public-data,new_york_taxi_trips,tlc_green_trips_2019,total_amount,15,YES,NUMERIC,NEVER,,,NO,,NO,NO,,NULL,NULL,
bigquery-public-data,new_york_taxi_trips,tlc_green_trips_2019,payment_type,16,YES,STRING,NEVER,,,NO,,NO,NO,,NULL,NULL,
bigquery-public-data,new_york_taxi_trips,tlc_green_trips_2019,distance_between_service,17,YES,NUMERIC,NEVER,,,NO,,NO,NO,,NULL,NULL,
bigquery-public-data,new_york_taxi_trips,tlc_green_trips_2019,time_between_service,18,YES,INT64,NEVER,,,NO,,NO,NO,,NULL,NULL,
bigquery-public-data,new_york_taxi_trips,tlc_green_trips_2019,trip_type,19,YES,STRING,NEVER,,,NO,,NO,NO,,NULL,NULL,
bigquery-public-data,new_york_taxi_trips,tlc_green_trips_2019,imp_surcharge,20,YES,NUMERIC,NEVER,,,NO,,NO,NO,,NULL,NULL,
bigquery-public-data,new_york_taxi_trips,tlc_green_trips_2019,pickup_location_id,21,YES,STRING,NEVER,,,NO,,NO,NO,,NULL,NULL,
bigquery-public-data,new_york_taxi_trips,tlc_green_trips_2019,dropoff_location_id,22,YES,STRING,NEVER,,,NO,,NO,NO,,NULL,NULL,
bigquery-public-data,new_york_taxi_trips,tlc_green_trips_2019,data_file_year,23,YES,INT64,NEVER,,,NO,,NO,NO,,NULL,NULL,
bigquery-public-data,new_york_taxi_trips,tlc_green_trips_2019,data_file_month,24,YES,INT64,NEVER,,,NO,,NO,NO,,NULL,NULL,
bigquery-public-data,new_york_taxi_trips,tlc_fhv_trips_2016,location_id,1,YES,INT64,NEVER,,,NO,,NO,NO,,NULL,NULL,
bigquery-public-data,new_york_taxi_trips,tlc_fhv_trips_2016,pickup_datetime,2,YES,DATETIME,NEVER,,,NO,,NO,NO,,NULL,NULL,
bigquery-public-data,new_york_taxi_trips,tlc_fhv_trips_2016,dispatching_base_num,3,YES,STRING,NEVER,,,NO,,NO,NO,,NULL,NULL,
bigquery-public-data,new_york_taxi_trips,tlc_fhv_trips_2016,borough,4,YES,STRING,NEVER,,,NO,,NO,NO,,NULL,NULL,
bigquery-public-data,new_york_taxi_trips,tlc_fhv_trips_2016,zone,5,YES,STRING,NEVER,,,NO,,NO,NO,,NULL,NULL,
bigquery-public-data,new_york_taxi_trips,tlc_fhv_trips_2016,service_zone,6,YES,STRING,NEVER,,,NO,,NO,NO,,NULL,NULL,
bigquery-public-data,new_york_taxi_trips,tlc_yellow_trips_2014,vendor_id,1,NO,STRING,NEVER,,,NO,,NO,NO,,NULL,NULL,
bigquery-public-data,new_york_taxi_trips,tlc_yellow_trips_2014,pickup_datetime,2,YES,TIMESTAMP,NEVER,,,NO,,NO,NO,,NULL,NULL,
bigquery-public-data,new_york_taxi_trips,tlc_yellow_trips_2014,dropoff_datetime,3,YES,TIMESTAMP,NEVER,,,NO,,NO,NO,,NULL,NULL,
bigquery-public-data,new_york_taxi_trips,tlc_yellow_trips_2014,passenger_count,4,YES,INT64,NEVER,,,NO,,NO,NO,,NULL,NULL,
bigquery-public-data,new_york_taxi_trips,tlc_yellow_trips_2014,trip_distance,5,YES,NUMERIC,NEVER,,,NO,,NO,NO,,NULL,NULL,
bigquery-public-data,new_york_taxi_trips,tlc_yellow_trips_2014,rate_code,6,YES,STRING,NEVER,,,NO,,NO,NO,,NULL,NULL,
bigquery-public-data,new_york_taxi_trips,tlc_yellow_trips_2014,store_and_fwd_flag,7,YES,STRING,NEVER,,,NO,,NO,NO,,NULL,NULL,
bigquery-public-data,new_york_taxi_trips,tlc_yellow_trips_2014,payment_type,8,YES,STRING,NEVER,,,NO,,NO,NO,,NULL,NULL,
bigquery-public-data,new_york_taxi_trips,tlc_yellow_trips_2014,fare_amount,9,YES,NUMERIC,NEVER,,,NO,,NO,NO,,NULL,NULL,
bigquery-public-data,new_york_taxi_trips,tlc_yellow_trips_2014,extra,10,YES,NUMERIC,NEVER,,,NO,,NO,NO,,NULL,NULL,
bigquery-public-data,new_york_taxi_trips,tlc_yellow_trips_2014,mta_tax,11,YES,NUMERIC,NEVER,,,NO,,NO,NO,,NULL,NULL,
bigquery-public-data,new_york_taxi_trips,tlc_yellow_trips_2014,tip_amount,12,YES,NUMERIC,NEVER,,,NO,,NO,NO,,NULL,NULL,
bigquery-public-data,new_york_taxi_trips,tlc_yellow_trips_2014,tolls_amount,13,YES,NUMERIC,NEVER,,,NO,,NO,NO,,NULL,NULL,
bigquery-public-data,new_york_taxi_trips,tlc_yellow_trips_2014,imp_surcharge,14,YES,NUMERIC,NEVER,,,NO,,NO,NO,,NULL,NULL,
bigquery-public-data,new_york_taxi_trips,tlc_yellow_trips_2014,airport_fee,15,YES,NUMERIC,NEVER,,,NO,,NO,NO,,NULL,NULL,
bigquery-public-data,new_york_taxi_trips,tlc_yellow_trips_2014,total_amount,16,YES,NUMERIC,NEVER,,,NO,,NO,NO,,NULL,NULL,
bigquery-public-data,new_york_taxi_trips,tlc_yellow_trips_2014,pickup_location_id,17,YES,STRING,NEVER,,,NO,,NO,NO,,NULL,NULL,
bigquery-public-data,new_york_taxi_trips,tlc_yellow_trips_2014,dropoff_location_id,18,YES,STRING,NEVER,,,NO,,NO,NO,,NULL,NULL,
bigquery-public-data,new_york_taxi_trips,tlc_yellow_trips_2014,data_file_year,19,YES,INT64,NEVER,,,NO,,NO,NO,,NULL,NULL,
bigquery-public-data,new_york_taxi_trips,tlc_yellow_trips_2014,data_file_month,20,YES,INT64,NEVER,,,NO,,NO,NO,,NULL,NULL,
bigquery-public-data,new_york_taxi_trips,tlc_green_trips_2022,vendor_id,1,NO,STRING,NEVER,,,NO,,NO,NO,,NULL,NULL,
bigquery-public-data,new_york_taxi_trips,tlc_green_trips_2022,pickup_datetime,2,YES,TIMESTAMP,NEVER,,,NO,,NO,NO,,NULL,NULL,
bigquery-public-data,new_york_taxi_trips,tlc_green_trips_2022,dropoff_datetime,3,YES,TIMESTAMP,NEVER,,,NO,,NO,NO,,NULL,NULL,
bigquery-public-data,new_york_taxi_trips,tlc_green_trips_2022,store_and_fwd_flag,4,YES,STRING,NEVER,,,NO,,NO,NO,,NULL,NULL,
bigquery-public-data,new_york_taxi_trips,tlc_green_trips_2022,rate_code,5,YES,STRING,NEVER,,,NO,,NO,NO,,NULL,NULL,
bigquery-public-data,new_york_taxi_trips,tlc_green_trips_2022,passenger_count,6,YES,INT64,NEVER,,,NO,,NO,NO,,NULL,NULL,
bigquery-public-data,new_york_taxi_trips,tlc_green_trips_2022,trip_distance,7,YES,NUMERIC,NEVER,,,NO,,NO,NO,,NULL,NULL,
bigquery-public-data,new_york_taxi_trips,tlc_green_trips_2022,fare_amount,8,YES,NUMERIC,NEVER,,,NO,,NO,NO,,NULL,NULL,
bigquery-public-data,new_york_taxi_trips,tlc_green_trips_2022,extra,9,YES,NUMERIC,NEVER,,,NO,,NO,NO,,NULL,NULL,
bigquery-public-data,new_york_taxi_trips,tlc_green_trips_2022,mta_tax,10,YES,NUMERIC,NEVER,,,NO,,NO,NO,,NULL,NULL,
bigquery-public-data,new_york_taxi_trips,tlc_green_trips_2022,tip_amount,11,YES,NUMERIC,NEVER,,,NO,,NO,NO,,NULL,NULL,
bigquery-public-data,new_york_taxi_trips,tlc_green_trips_2022,tolls_amount,12,YES,NUMERIC,NEVER,,,NO,,NO,NO,,NULL,NULL,
bigquery-public-data,new_york_taxi_trips,tlc_green_trips_2022,ehail_fee,13,YES,NUMERIC,NEVER,,,NO,,NO,NO,,NULL,NULL,
bigquery-public-data,new_york_taxi_trips,tlc_green_trips_2022,airport_fee,14,YES,NUMERIC,NEVER,,,NO,,NO,NO,,NULL,NULL,
bigquery-public-data,new_york_taxi_trips,tlc_green_trips_2022,total_amount,15,YES,NUMERIC,NEVER,,,NO,,NO,NO,,NULL,NULL,
bigquery-public-data,new_york_taxi_trips,tlc_green_trips_2022,payment_type,16,YES,STRING,NEVER,,,NO,,NO,NO,,NULL,NULL,
bigquery-public-data,new_york_taxi_trips,tlc_green_trips_2022,distance_between_service,17,YES,NUMERIC,NEVER,,,NO,,NO,NO,,NULL,NULL,
bigquery-public-data,new_york_taxi_trips,tlc_green_trips_2022,time_between_service,18,YES,INT64,NEVER,,,NO,,NO,NO,,NULL,NULL,
bigquery-public-data,new_york_taxi_trips,tlc_green_trips_2022,trip_type,19,YES,STRING,NEVER,,,NO,,NO,NO,,NULL,NULL,
bigquery-public-data,new_york_taxi_trips,tlc_green_trips_2022,imp_surcharge,20,YES,NUMERIC,NEVER,,,NO,,NO,NO,,NULL,NULL,
bigquery-public-data,new_york_taxi_trips,tlc_green_trips_2022,pickup_location_id,21,YES,STRING,NEVER,,,NO,,NO,NO,,NULL,NULL,
bigquery-public-data,new_york_taxi_trips,tlc_green_trips_2022,dropoff_location_id,22,YES,STRING,NEVER,,,NO,,NO,NO,,NULL,NULL,
bigquery-public-data,new_york_taxi_trips,tlc_green_trips_2022,data_file_year,23,YES,INT64,NEVER,,,NO,,NO,NO,,NULL,NULL,
bigquery-public-data,new_york_taxi_trips,tlc_green_trips_2022,data_file_month,24,YES,INT64,NEVER,,,NO,,NO,NO,,NULL,NULL,
bigquery-public-data,new_york_taxi_trips,tlc_yellow_trips_2019,vendor_id,1,NO,STRING,NEVER,,,NO,,NO,NO,,NULL,NULL,
bigquery-public-data,new_york_taxi_trips,tlc_yellow_trips_2019,pickup_datetime,2,YES,TIMESTAMP,NEVER,,,NO,,NO,NO,,NULL,NULL,
bigquery-public-data,new_york_taxi_trips,tlc_yellow_trips_2019,dropoff_datetime,3,YES,TIMESTAMP,NEVER,,,NO,,NO,NO,,NULL,NULL,
bigquery-public-data,new_york_taxi_trips,tlc_yellow_trips_2019,passenger_count,4,YES,INT64,NEVER,,,NO,,NO,NO,,NULL,NULL,
bigquery-public-data,new_york_taxi_trips,tlc_yellow_trips_2019,trip_distance,5,YES,NUMERIC,NEVER,,,NO,,NO,NO,,NULL,NULL,
bigquery-public-data,new_york_taxi_trips,tlc_yellow_trips_2019,rate_code,6,YES,STRING,NEVER,,,NO,,NO,NO,,NULL,NULL,
bigquery-public-data,new_york_taxi_trips,tlc_yellow_trips_2019,store_and_fwd_flag,7,YES,STRING,NEVER,,,NO,,NO,NO,,NULL,NULL,
bigquery-public-data,new_york_taxi_trips,tlc_yellow_trips_2019,payment_type,8,YES,STRING,NEVER,,,NO,,NO,NO,,NULL,NULL,
bigquery-public-data,new_york_taxi_trips,tlc_yellow_trips_2019,fare_amount,9,YES,NUMERIC,NEVER,,,NO,,NO,NO,,NULL,NULL,
bigquery-public-data,new_york_taxi_trips,tlc_yellow_trips_2019,extra,10,YES,NUMERIC,NEVER,,,NO,,NO,NO,,NULL,NULL,
bigquery-public-data,new_york_taxi_trips,tlc_yellow_trips_2019,mta_tax,11,YES,NUMERIC,NEVER,,,NO,,NO,NO,,NULL,NULL,
bigquery-public-data,new_york_taxi_trips,tlc_yellow_trips_2019,tip_amount,12,YES,NUMERIC,NEVER,,,NO,,NO,NO,,NULL,NULL,
bigquery-public-data,new_york_taxi_trips,tlc_yellow_trips_2019,tolls_amount,13,YES,NUMERIC,NEVER,,,NO,,NO,NO,,NULL,NULL,
bigquery-public-data,new_york_taxi_trips,tlc_yellow_trips_2019,imp_surcharge,14,YES,NUMERIC,NEVER,,,NO,,NO,NO,,NULL,NULL,
bigquery-public-data,new_york_taxi_trips,tlc_yellow_trips_2019,airport_fee,15,YES,NUMERIC,NEVER,,,NO,,NO,NO,,NULL,NULL,
bigquery-public-data,new_york_taxi_trips,tlc_yellow_trips_2019,total_amount,16,YES,NUMERIC,NEVER,,,NO,,NO,NO,,NULL,NULL,
bigquery-public-data,new_york_taxi_trips,tlc_yellow_trips_2019,pickup_location_id,17,YES,STRING,NEVER,,,NO,,NO,NO,,NULL,NULL,
bigquery-public-data,new_york_taxi_trips,tlc_yellow_trips_2019,dropoff_location_id,18,YES,STRING,NEVER,,,NO,,NO,NO,,NULL,NULL,
bigquery-public-data,new_york_taxi_trips,tlc_yellow_trips_2019,data_file_year,19,YES,INT64,NEVER,,,NO,,NO,NO,,NULL,NULL,
bigquery-public-data,new_york_taxi_trips,tlc_yellow_trips_2019,data_file_month,20,YES,INT64,NEVER,,,NO,,NO,NO,,NULL,NULL,
bigquery-public-data,new_york_taxi_trips,taxi_zone_geom,zone_id,1,YES,STRING,NEVER,,,NO,,NO,NO,,NULL,NULL,
bigquery-public-data,new_york_taxi_trips,taxi_zone_geom,zone_name,2,YES,STRING,NEVER,,,NO,,NO,NO,,NULL,NULL,
bigquery-public-data,new_york_taxi_trips,taxi_zone_geom,borough,3,YES,STRING,NEVER,,,NO,,NO,NO,,NULL,NULL,
bigquery-public-data,new_york_taxi_trips,taxi_zone_geom,zone_geom,4,YES,GEOGRAPHY,NEVER,,,NO,,NO,NO,,NULL,NULL,
bigquery-public-data,new_york_taxi_trips,tlc_yellow_trips_2017,vendor_id,1,NO,STRING,NEVER,,,NO,,NO,NO,,NULL,NULL,
bigquery-public-data,new_york_taxi_trips,tlc_yellow_trips_2017,pickup_datetime,2,YES,TIMESTAMP,NEVER,,,NO,,NO,NO,,NULL,NULL,
bigquery-public-data,new_york_taxi_trips,tlc_yellow_trips_2017,dropoff_datetime,3,YES,TIMESTAMP,NEVER,,,NO,,NO,NO,,NULL,NULL,
bigquery-public-data,new_york_taxi_trips,tlc_yellow_trips_2017,passenger_count,4,YES,INT64,NEVER,,,NO,,NO,NO,,NULL,NULL,
bigquery-public-data,new_york_taxi_trips,tlc_yellow_trips_2017,trip_distance,5,YES,NUMERIC,NEVER,,,NO,,NO,NO,,NULL,NULL,
bigquery-public-data,new_york_taxi_trips,tlc_yellow_trips_2017,rate_code,6,YES,STRING,NEVER,,,NO,,NO,NO,,NULL,NULL,
bigquery-public-data,new_york_taxi_trips,tlc_yellow_trips_2017,store_and_fwd_flag,7,YES,STRING,NEVER,,,NO,,NO,NO,,NULL,NULL,
bigquery-public-data,new_york_taxi_trips,tlc_yellow_trips_2017,payment_type,8,YES,STRING,NEVER,,,NO,,NO,NO,,NULL,NULL,
bigquery-public-data,new_york_taxi_trips,tlc_yellow_trips_2017,fare_amount,9,YES,NUMERIC,NEVER,,,NO,,NO,NO,,NULL,NULL,
bigquery-public-data,new_york_taxi_trips,tlc_yellow_trips_2017,extra,10,YES,NUMERIC,NEVER,,,NO,,NO,NO,,NULL,NULL,
bigquery-public-data,new_york_taxi_trips,tlc_yellow_trips_2017,mta_tax,11,YES,NUMERIC,NEVER,,,NO,,NO,NO,,NULL,NULL,
bigquery-public-data,new_york_taxi_trips,tlc_yellow_trips_2017,tip_amount,12,YES,NUMERIC,NEVER,,,NO,,NO,NO,,NULL,NULL,
bigquery-public-data,new_york_taxi_trips,tlc_yellow_trips_2017,tolls_amount,13,YES,NUMERIC,NEVER,,,NO,,NO,NO,,NULL,NULL,
bigquery-public-data,new_york_taxi_trips,tlc_yellow_trips_2017,imp_surcharge,14,YES,NUMERIC,NEVER,,,NO,,NO,NO,,NULL,NULL,
bigquery-public-data,new_york_taxi_trips,tlc_yellow_trips_2017,airport_fee,15,YES,NUMERIC,NEVER,,,NO,,NO,NO,,NULL,NULL,
bigquery-public-data,new_york_taxi_trips,tlc_yellow_trips_2017,total_amount,16,YES,NUMERIC,NEVER,,,NO,,NO,NO,,NULL,NULL,
bigquery-public-data,new_york_taxi_trips,tlc_yellow_trips_2017,pickup_location_id,17,YES,STRING,NEVER,,,NO,,NO,NO,,NULL,NULL,
bigquery-public-data,new_york_taxi_trips,tlc_yellow_trips_2017,dropoff_location_id,18,YES,STRING,NEVER,,,NO,,NO,NO,,NULL,NULL,
bigquery-public-data,new_york_taxi_trips,tlc_yellow_trips_2017,data_file_year,19,YES,INT64,NEVER,,,NO,,NO,NO,,NULL,NULL,
bigquery-public-data,new_york_taxi_trips,tlc_yellow_trips_2017,data_file_month,20,YES,INT64,NEVER,,,NO,,NO,NO,,NULL,NULL,
bigquery-public-data,new_york_taxi_trips,tlc_yellow_trips_2012,vendor_id,1,NO,STRING,NEVER,,,NO,,NO,NO,,NULL,NULL,
bigquery-public-data,new_york_taxi_trips,tlc_yellow_trips_2012,pickup_datetime,2,YES,TIMESTAMP,NEVER,,,NO,,NO,NO,,NULL,NULL,
bigquery-public-data,new_york_taxi_trips,tlc_yellow_trips_2012,dropoff_datetime,3,YES,TIMESTAMP,NEVER,,,NO,,NO,NO,,NULL,NULL,
bigquery-public-data,new_york_taxi_trips,tlc_yellow_trips_2012,passenger_count,4,YES,INT64,NEVER,,,NO,,NO,NO,,NULL,NULL,
bigquery-public-data,new_york_taxi_trips,tlc_yellow_trips_2012,trip_distance,5,YES,NUMERIC,NEVER,,,NO,,NO,NO,,NULL,NULL,
bigquery-public-data,new_york_taxi_trips,tlc_yellow_trips_2012,rate_code,6,YES,STRING,NEVER,,,NO,,NO,NO,,NULL,NULL,
bigquery-public-data,new_york_taxi_trips,tlc_yellow_trips_2012,store_and_fwd_flag,7,YES,STRING,NEVER,,,NO,,NO,NO,,NULL,NULL,
bigquery-public-data,new_york_taxi_trips,tlc_yellow_trips_2012,payment_type,8,YES,STRING,NEVER,,,NO,,NO,NO,,NULL,NULL,
bigquery-public-data,new_york_taxi_trips,tlc_yellow_trips_2012,fare_amount,9,YES,NUMERIC,NEVER,,,NO,,NO,NO,,NULL,NULL,
bigquery-public-data,new_york_taxi_trips,tlc_yellow_trips_2012,extra,10,YES,NUMERIC,NEVER,,,NO,,NO,NO,,NULL,NULL,
bigquery-public-data,new_york_taxi_trips,tlc_yellow_trips_2012,mta_tax,11,YES,NUMERIC,NEVER,,,NO,,NO,NO,,NULL,NULL,
bigquery-public-data,new_york_taxi_trips,tlc_yellow_trips_2012,tip_amount,12,YES,NUMERIC,NEVER,,,NO,,NO,NO,,NULL,NULL,
bigquery-public-data,new_york_taxi_trips,tlc_yellow_trips_2012,tolls_amount,13,YES,NUMERIC,NEVER,,,NO,,NO,NO,,NULL,NULL,
bigquery-public-data,new_york_taxi_trips,tlc_yellow_trips_2012,imp_surcharge,14,YES,NUMERIC,NEVER,,,NO,,NO,NO,,NULL,NULL,
bigquery-public-data,new_york_taxi_trips,tlc_yellow_trips_2012,airport_fee,15,YES,NUMERIC,NEVER,,,NO,,NO,NO,,NULL,NULL,
bigquery-public-data,new_york_taxi_trips,tlc_yellow_trips_2012,total_amount,16,YES,NUMERIC,NEVER,,,NO,,NO,NO,,NULL,NULL,
bigquery-public-data,new_york_taxi_trips,tlc_yellow_trips_2012,pickup_location_id,17,YES,STRING,NEVER,,,NO,,NO,NO,,NULL,NULL,
bigquery-public-data,new_york_taxi_trips,tlc_yellow_trips_2012,dropoff_location_id,18,YES,STRING,NEVER,,,NO,,NO,NO,,NULL,NULL,
bigquery-public-data,new_york_taxi_trips,tlc_yellow_trips_2012,data_file_year,19,YES,INT64,NEVER,,,NO,,NO,NO,,NULL,NULL,
bigquery-public-data,new_york_taxi_trips,tlc_yellow_trips_2012,data_file_month,20,YES,INT64,NEVER,,,NO,,NO,NO,,NULL,NULL,
bigquery-public-data,new_york_taxi_trips,tlc_yellow_trips_2015,vendor_id,1,NO,STRING,NEVER,,,NO,,NO,NO,,NULL,NULL,
bigquery-public-data,new_york_taxi_trips,tlc_yellow_trips_2015,pickup_datetime,2,YES,TIMESTAMP,NEVER,,,NO,,NO,NO,,NULL,NULL,
bigquery-public-data,new_york_taxi_trips,tlc_yellow_trips_2015,dropoff_datetime,3,YES,TIMESTAMP,NEVER,,,NO,,NO,NO,,NULL,NULL,
bigquery-public-data,new_york_taxi_trips,tlc_yellow_trips_2015,passenger_count,4,YES,INT64,NEVER,,,NO,,NO,NO,,NULL,NULL,
bigquery-public-data,new_york_taxi_trips,tlc_yellow_trips_2015,trip_distance,5,YES,NUMERIC,NEVER,,,NO,,NO,NO,,NULL,NULL,
bigquery-public-data,new_york_taxi_trips,tlc_yellow_trips_2015,rate_code,6,YES,STRING,NEVER,,,NO,,NO,NO,,NULL,NULL,
bigquery-public-data,new_york_taxi_trips,tlc_yellow_trips_2015,store_and_fwd_flag,7,YES,STRING,NEVER,,,NO,,NO,NO,,NULL,NULL,
bigquery-public-data,new_york_taxi_trips,tlc_yellow_trips_2015,payment_type,8,YES,STRING,NEVER,,,NO,,NO,NO,,NULL,NULL,
bigquery-public-data,new_york_taxi_trips,tlc_yellow_trips_2015,fare_amount,9,YES,NUMERIC,NEVER,,,NO,,NO,NO,,NULL,NULL,
bigquery-public-data,new_york_taxi_trips,tlc_yellow_trips_2015,extra,10,YES,NUMERIC,NEVER,,,NO,,NO,NO,,NULL,NULL,
bigquery-public-data,new_york_taxi_trips,tlc_yellow_trips_2015,mta_tax,11,YES,NUMERIC,NEVER,,,NO,,NO,NO,,NULL,NULL,
bigquery-public-data,new_york_taxi_trips,tlc_yellow_trips_2015,tip_amount,12,YES,NUMERIC,NEVER,,,NO,,NO,NO,,NULL,NULL,
bigquery-public-data,new_york_taxi_trips,tlc_yellow_trips_2015,tolls_amount,13,YES,NUMERIC,NEVER,,,NO,,NO,NO,,NULL,NULL,
bigquery-public-data,new_york_taxi_trips,tlc_yellow_trips_2015,imp_surcharge,14,YES,NUMERIC,NEVER,,,NO,,NO,NO,,NULL,NULL,
bigquery-public-data,new_york_taxi_trips,tlc_yellow_trips_2015,airport_fee,15,YES,NUMERIC,NEVER,,,NO,,NO,NO,,NULL,NULL,
bigquery-public-data,new_york_taxi_trips,tlc_yellow_trips_2015,total_amount,16,YES,NUMERIC,NEVER,,,NO,,NO,NO,,NULL,NULL,
bigquery-public-data,new_york_taxi_trips,tlc_yellow_trips_2015,pickup_location_id,17,YES,STRING,NEVER,,,NO,,NO,NO,,NULL,NULL,
bigquery-public-data,new_york_taxi_trips,tlc_yellow_trips_2015,dropoff_location_id,18,YES,STRING,NEVER,,,NO,,NO,NO,,NULL,NULL,
bigquery-public-data,new_york_taxi_trips,tlc_yellow_trips_2015,data_file_year,19,YES,INT64,NEVER,,,NO,,NO,NO,,NULL,NULL,
bigquery-public-data,new_york_taxi_trips,tlc_yellow_trips_2015,data_file_month,20,YES,INT64,NEVER,,,NO,,NO,NO,,NULL,NULL,
bigquery-public-data,new_york_taxi_trips,tlc_yellow_trips_2018,vendor_id,1,NO,STRING,NEVER,,,NO,,NO,NO,,NULL,NULL,
bigquery-public-data,new_york_taxi_trips,tlc_yellow_trips_2018,pickup_datetime,2,YES,TIMESTAMP,NEVER,,,NO,,NO,NO,,NULL,NULL,
bigquery-public-data,new_york_taxi_trips,tlc_yellow_trips_2018,dropoff_datetime,3,YES,TIMESTAMP,NEVER,,,NO,,NO,NO,,NULL,NULL,
bigquery-public-data,new_york_taxi_trips,tlc_yellow_trips_2018,passenger_count,4,YES,INT64,NEVER,,,NO,,NO,NO,,NULL,NULL,
bigquery-public-data,new_york_taxi_trips,tlc_yellow_trips_2018,trip_distance,5,YES,NUMERIC,NEVER,,,NO,,NO,NO,,NULL,NULL,
bigquery-public-data,new_york_taxi_trips,tlc_yellow_trips_2018,rate_code,6,YES,STRING,NEVER,,,NO,,NO,NO,,NULL,NULL,
bigquery-public-data,new_york_taxi_trips,tlc_yellow_trips_2018,store_and_fwd_flag,7,YES,STRING,NEVER,,,NO,,NO,NO,,NULL,NULL,
bigquery-public-data,new_york_taxi_trips,tlc_yellow_trips_2018,payment_type,8,YES,STRING,NEVER,,,NO,,NO,NO,,NULL,NULL,
bigquery-public-data,new_york_taxi_trips,tlc_yellow_trips_2018,fare_amount,9,YES,NUMERIC,NEVER,,,NO,,NO,NO,,NULL,NULL,
bigquery-public-data,new_york_taxi_trips,tlc_yellow_trips_2018,extra,10,YES,NUMERIC,NEVER,,,NO,,NO,NO,,NULL,NULL,
bigquery-public-data,new_york_taxi_trips,tlc_yellow_trips_2018,mta_tax,11,YES,NUMERIC,NEVER,,,NO,,NO,NO,,NULL,NULL,
bigquery-public-data,new_york_taxi_trips,tlc_yellow_trips_2018,tip_amount,12,YES,NUMERIC,NEVER,,,NO,,NO,NO,,NULL,NULL,
bigquery-public-data,new_york_taxi_trips,tlc_yellow_trips_2018,tolls_amount,13,YES,NUMERIC,NEVER,,,NO,,NO,NO,,NULL,NULL,
bigquery-public-data,new_york_taxi_trips,tlc_yellow_trips_2018,imp_surcharge,14,YES,NUMERIC,NEVER,,,NO,,NO,NO,,NULL,NULL,
bigquery-public-data,new_york_taxi_trips,tlc_yellow_trips_2018,airport_fee,15,YES,NUMERIC,NEVER,,,NO,,NO,NO,,NULL,NULL,
bigquery-public-data,new_york_taxi_trips,tlc_yellow_trips_2018,total_amount,16,YES,NUMERIC,NEVER,,,NO,,NO,NO,,NULL,NULL,
bigquery-public-data,new_york_taxi_trips,tlc_yellow_trips_2018,pickup_location_id,17,YES,STRING,NEVER,,,NO,,NO,NO,,NULL,NULL,
bigquery-public-data,new_york_taxi_trips,tlc_yellow_trips_2018,dropoff_location_id,18,YES,STRING,NEVER,,,NO,,NO,NO,,NULL,NULL,
bigquery-public-data,new_york_taxi_trips,tlc_yellow_trips_2018,data_file_year,19,YES,INT64,NEVER,,,NO,,NO,NO,,NULL,NULL,
bigquery-public-data,new_york_taxi_trips,tlc_yellow_trips_2018,data_file_month,20,YES,INT64,NEVER,,,NO,,NO,NO,,NULL,NULL,
bigquery-public-data,new_york_taxi_trips,tlc_yellow_trips_2020,vendor_id,1,NO,STRING,NEVER,,,NO,,NO,NO,,NULL,NULL,
bigquery-public-data,new_york_taxi_trips,tlc_yellow_trips_2020,pickup_datetime,2,YES,TIMESTAMP,NEVER,,,NO,,NO,NO,,NULL,NULL,
bigquery-public-data,new_york_taxi_trips,tlc_yellow_trips_2020,dropoff_datetime,3,YES,TIMESTAMP,NEVER,,,NO,,NO,NO,,NULL,NULL,
bigquery-public-data,new_york_taxi_trips,tlc_yellow_trips_2020,passenger_count,4,YES,INT64,NEVER,,,NO,,NO,NO,,NULL,NULL,
bigquery-public-data,new_york_taxi_trips,tlc_yellow_trips_2020,trip_distance,5,YES,NUMERIC,NEVER,,,NO,,NO,NO,,NULL,NULL,
bigquery-public-data,new_york_taxi_trips,tlc_yellow_trips_2020,rate_code,6,YES,STRING,NEVER,,,NO,,NO,NO,,NULL,NULL,
bigquery-public-data,new_york_taxi_trips,tlc_yellow_trips_2020,store_and_fwd_flag,7,YES,STRING,NEVER,,,NO,,NO,NO,,NULL,NULL,
bigquery-public-data,new_york_taxi_trips,tlc_yellow_trips_2020,payment_type,8,YES,STRING,NEVER,,,NO,,NO,NO,,NULL,NULL,
bigquery-public-data,new_york_taxi_trips,tlc_yellow_trips_2020,fare_amount,9,YES,NUMERIC,NEVER,,,NO,,NO,NO,,NULL,NULL,
bigquery-public-data,new_york_taxi_trips,tlc_yellow_trips_2020,extra,10,YES,NUMERIC,NEVER,,,NO,,NO,NO,,NULL,NULL,
bigquery-public-data,new_york_taxi_trips,tlc_yellow_trips_2020,mta_tax,11,YES,NUMERIC,NEVER,,,NO,,NO,NO,,NULL,NULL,
bigquery-public-data,new_york_taxi_trips,tlc_yellow_trips_2020,tip_amount,12,YES,NUMERIC,NEVER,,,NO,,NO,NO,,NULL,NULL,
bigquery-public-data,new_york_taxi_trips,tlc_yellow_trips_2020,tolls_amount,13,YES,NUMERIC,NEVER,,,NO,,NO,NO,,NULL,NULL,
bigquery-public-data,new_york_taxi_trips,tlc_yellow_trips_2020,imp_surcharge,14,YES,NUMERIC,NEVER,,,NO,,NO,NO,,NULL,NULL,
bigquery-public-data,new_york_taxi_trips,tlc_yellow_trips_2020,airport_fee,15,YES,NUMERIC,NEVER,,,NO,,NO,NO,,NULL,NULL,
bigquery-public-data,new_york_taxi_trips,tlc_yellow_trips_2020,total_amount,16,YES,NUMERIC,NEVER,,,NO,,NO,NO,,NULL,NULL,
bigquery-public-data,new_york_taxi_trips,tlc_yellow_trips_2020,pickup_location_id,17,YES,STRING,NEVER,,,NO,,NO,NO,,NULL,NULL,
bigquery-public-data,new_york_taxi_trips,tlc_yellow_trips_2020,dropoff_location_id,18,YES,STRING,NEVER,,,NO,,NO,NO,,NULL,NULL,
bigquery-public-data,new_york_taxi_trips,tlc_yellow_trips_2020,data_file_year,19,YES,INT64,NEVER,,,NO,,NO,NO,,NULL,NULL,
bigquery-public-data,new_york_taxi_trips,tlc_yellow_trips_2020,data_file_month,20,YES,INT64,NEVER,,,NO,,NO,NO,,NULL,NULL,
bigquery-public-data,new_york_taxi_trips,tlc_fhv_trips_2015,location_id,1,YES,INT64,NEVER,,,NO,,NO,NO,,NULL,NULL,
bigquery-public-data,new_york_taxi_trips,tlc_fhv_trips_2015,pickup_datetime,2,YES,DATETIME,NEVER,,,NO,,NO,NO,,NULL,NULL,
bigquery-public-data,new_york_taxi_trips,tlc_fhv_trips_2015,dispatching_base_num,3,YES,STRING,NEVER,,,NO,,NO,NO,,NULL,NULL,
bigquery-public-data,new_york_taxi_trips,tlc_fhv_trips_2015,borough,4,YES,STRING,NEVER,,,NO,,NO,NO,,NULL,NULL,
bigquery-public-data,new_york_taxi_trips,tlc_fhv_trips_2015,zone,5,YES,STRING,NEVER,,,NO,,NO,NO,,NULL,NULL,
bigquery-public-data,new_york_taxi_trips,tlc_fhv_trips_2015,service_zone,6,YES,STRING,NEVER,,,NO,,NO,NO,,NULL,NULL,
bigquery-public-data,new_york_taxi_trips,tlc_green_trips_2014,vendor_id,1,NO,STRING,NEVER,,,NO,,NO,NO,,NULL,NULL,
bigquery-public-data,new_york_taxi_trips,tlc_green_trips_2014,pickup_datetime,2,YES,TIMESTAMP,NEVER,,,NO,,NO,NO,,NULL,NULL,
bigquery-public-data,new_york_taxi_trips,tlc_green_trips_2014,dropoff_datetime,3,YES,TIMESTAMP,NEVER,,,NO,,NO,NO,,NULL,NULL,
bigquery-public-data,new_york_taxi_trips,tlc_green_trips_2014,store_and_fwd_flag,4,YES,STRING,NEVER,,,NO,,NO,NO,,NULL,NULL,
bigquery-public-data,new_york_taxi_trips,tlc_green_trips_2014,rate_code,5,YES,STRING,NEVER,,,NO,,NO,NO,,NULL,NULL,
bigquery-public-data,new_york_taxi_trips,tlc_green_trips_2014,passenger_count,6,YES,INT64,NEVER,,,NO,,NO,NO,,NULL,NULL,
bigquery-public-data,new_york_taxi_trips,tlc_green_trips_2014,trip_distance,7,YES,NUMERIC,NEVER,,,NO,,NO,NO,,NULL,NULL,
bigquery-public-data,new_york_taxi_trips,tlc_green_trips_2014,fare_amount,8,YES,NUMERIC,NEVER,,,NO,,NO,NO,,NULL,NULL,
bigquery-public-data,new_york_taxi_trips,tlc_green_trips_2014,extra,9,YES,NUMERIC,NEVER,,,NO,,NO,NO,,NULL,NULL,
bigquery-public-data,new_york_taxi_trips,tlc_green_trips_2014,mta_tax,10,YES,NUMERIC,NEVER,,,NO,,NO,NO,,NULL,NULL,
bigquery-public-data,new_york_taxi_trips,tlc_green_trips_2014,tip_amount,11,YES,NUMERIC,NEVER,,,NO,,NO,NO,,NULL,NULL,
bigquery-public-data,new_york_taxi_trips,tlc_green_trips_2014,tolls_amount,12,YES,NUMERIC,NEVER,,,NO,,NO,NO,,NULL,NULL,
bigquery-public-data,new_york_taxi_trips,tlc_green_trips_2014,ehail_fee,13,YES,NUMERIC,NEVER,,,NO,,NO,NO,,NULL,NULL,
bigquery-public-data,new_york_taxi_trips,tlc_green_trips_2014,airport_fee,14,YES,NUMERIC,NEVER,,,NO,,NO,NO,,NULL,NULL,
bigquery-public-data,new_york_taxi_trips,tlc_green_trips_2014,total_amount,15,YES,NUMERIC,NEVER,,,NO,,NO,NO,,NULL,NULL,
bigquery-public-data,new_york_taxi_trips,tlc_green_trips_2014,payment_type,16,YES,STRING,NEVER,,,NO,,NO,NO,,NULL,NULL,
bigquery-public-data,new_york_taxi_trips,tlc_green_trips_2014,distance_between_service,17,YES,NUMERIC,NEVER,,,NO,,NO,NO,,NULL,NULL,
bigquery-public-data,new_york_taxi_trips,tlc_green_trips_2014,time_between_service,18,YES,INT64,NEVER,,,NO,,NO,NO,,NULL,NULL,
bigquery-public-data,new_york_taxi_trips,tlc_green_trips_2014,trip_type,19,YES,STRING,NEVER,,,NO,,NO,NO,,NULL,NULL,
bigquery-public-data,new_york_taxi_trips,tlc_green_trips_2014,imp_surcharge,20,YES,NUMERIC,NEVER,,,NO,,NO,NO,,NULL,NULL,
bigquery-public-data,new_york_taxi_trips,tlc_green_trips_2014,pickup_location_id,21,YES,STRING,NEVER,,,NO,,NO,NO,,NULL,NULL,
bigquery-public-data,new_york_taxi_trips,tlc_green_trips_2014,dropoff_location_id,22,YES,STRING,NEVER,,,NO,,NO,NO,,NULL,NULL,
bigquery-public-data,new_york_taxi_trips,tlc_green_trips_2014,data_file_year,23,YES,INT64,NEVER,,,NO,,NO,NO,,NULL,NULL,
bigquery-public-data,new_york_taxi_trips,tlc_green_trips_2014,data_file_month,24,YES,INT64,NEVER,,,NO,,NO,NO,,NULL,NULL,
bigquery-public-data,new_york_taxi_trips,tlc_yellow_trips_2022,vendor_id,1,NO,STRING,NEVER,,,NO,,NO,NO,,NULL,NULL,
bigquery-public-data,new_york_taxi_trips,tlc_yellow_trips_2022,pickup_datetime,2,YES,TIMESTAMP,NEVER,,,NO,,NO,NO,,NULL,NULL,
bigquery-public-data,new_york_taxi_trips,tlc_yellow_trips_2022,dropoff_datetime,3,YES,TIMESTAMP,NEVER,,,NO,,NO,NO,,NULL,NULL,
bigquery-public-data,new_york_taxi_trips,tlc_yellow_trips_2022,passenger_count,4,YES,INT64,NEVER,,,NO,,NO,NO,,NULL,NULL,
bigquery-public-data,new_york_taxi_trips,tlc_yellow_trips_2022,trip_distance,5,YES,NUMERIC,NEVER,,,NO,,NO,NO,,NULL,NULL,
bigquery-public-data,new_york_taxi_trips,tlc_yellow_trips_2022,rate_code,6,YES,STRING,NEVER,,,NO,,NO,NO,,NULL,NULL,
bigquery-public-data,new_york_taxi_trips,tlc_yellow_trips_2022,store_and_fwd_flag,7,YES,STRING,NEVER,,,NO,,NO,NO,,NULL,NULL,
bigquery-public-data,new_york_taxi_trips,tlc_yellow_trips_2022,payment_type,8,YES,STRING,NEVER,,,NO,,NO,NO,,NULL,NULL,
bigquery-public-data,new_york_taxi_trips,tlc_yellow_trips_2022,fare_amount,9,YES,NUMERIC,NEVER,,,NO,,NO,NO,,NULL,NULL,
bigquery-public-data,new_york_taxi_trips,tlc_yellow_trips_2022,extra,10,YES,NUMERIC,NEVER,,,NO,,NO,NO,,NULL,NULL,
bigquery-public-data,new_york_taxi_trips,tlc_yellow_trips_2022,mta_tax,11,YES,NUMERIC,NEVER,,,NO,,NO,NO,,NULL,NULL,
bigquery-public-data,new_york_taxi_trips,tlc_yellow_trips_2022,tip_amount,12,YES,NUMERIC,NEVER,,,NO,,NO,NO,,NULL,NULL,
bigquery-public-data,new_york_taxi_trips,tlc_yellow_trips_2022,tolls_amount,13,YES,NUMERIC,NEVER,,,NO,,NO,NO,,NULL,NULL,
bigquery-public-data,new_york_taxi_trips,tlc_yellow_trips_2022,imp_surcharge,14,YES,NUMERIC,NEVER,,,NO,,NO,NO,,NULL,NULL,
bigquery-public-data,new_york_taxi_trips,tlc_yellow_trips_2022,airport_fee,15,YES,NUMERIC,NEVER,,,NO,,NO,NO,,NULL,NULL,
bigquery-public-data,new_york_taxi_trips,tlc_yellow_trips_2022,total_amount,16,YES,NUMERIC,NEVER,,,NO,,NO,NO,,NULL,NULL,
bigquery-public-data,new_york_taxi_trips,tlc_yellow_trips_2022,pickup_location_id,17,YES,STRING,NEVER,,,NO,,NO,NO,,NULL,NULL,
bigquery-public-data,new_york_taxi_trips,tlc_yellow_trips_2022,dropoff_location_id,18,YES,STRING,NEVER,,,NO,,NO,NO,,NULL,NULL,
bigquery-public-data,new_york_taxi_trips,tlc_yellow_trips_2022,data_file_year,19,YES,INT64,NEVER,,,NO,,NO,NO,,NULL,NULL,
bigquery-public-data,new_york_taxi_trips,tlc_yellow_trips_2022,data_file_month,20,YES,INT64,NEVER,,,NO,,NO,NO,,NULL,NULL,
bigquery-public-data,new_york_taxi_trips,tlc_green_trips_2023,vendor_id,1,NO,STRING,NEVER,,,NO,,NO,NO,,NULL,NULL,
bigquery-public-data,new_york_taxi_trips,tlc_green_trips_2023,pickup_datetime,2,YES,TIMESTAMP,NEVER,,,NO,,NO,NO,,NULL,NULL,
bigquery-public-data,new_york_taxi_trips,tlc_green_trips_2023,dropoff_datetime,3,YES,TIMESTAMP,NEVER,,,NO,,NO,NO,,NULL,NULL,
bigquery-public-data,new_york_taxi_trips,tlc_green_trips_2023,store_and_fwd_flag,4,YES,STRING,NEVER,,,NO,,NO,NO,,NULL,NULL,
bigquery-public-data,new_york_taxi_trips,tlc_green_trips_2023,rate_code,5,YES,STRING,NEVER,,,NO,,NO,NO,,NULL,NULL,
bigquery-public-data,new_york_taxi_trips,tlc_green_trips_2023,passenger_count,6,YES,INT64,NEVER,,,NO,,NO,NO,,NULL,NULL,
bigquery-public-data,new_york_taxi_trips,tlc_green_trips_2023,trip_distance,7,YES,NUMERIC,NEVER,,,NO,,NO,NO,,NULL,NULL,
bigquery-public-data,new_york_taxi_trips,tlc_green_trips_2023,fare_amount,8,YES,NUMERIC,NEVER,,,NO,,NO,NO,,NULL,NULL,
bigquery-public-data,new_york_taxi_trips,tlc_green_trips_2023,extra,9,YES,NUMERIC,NEVER,,,NO,,NO,NO,,NULL,NULL,
bigquery-public-data,new_york_taxi_trips,tlc_green_trips_2023,mta_tax,10,YES,NUMERIC,NEVER,,,NO,,NO,NO,,NULL,NULL,
bigquery-public-data,new_york_taxi_trips,tlc_green_trips_2023,tip_amount,11,YES,NUMERIC,NEVER,,,NO,,NO,NO,,NULL,NULL,
bigquery-public-data,new_york_taxi_trips,tlc_green_trips_2023,tolls_amount,12,YES,NUMERIC,NEVER,,,NO,,NO,NO,,NULL,NULL,
bigquery-public-data,new_york_taxi_trips,tlc_green_trips_2023,ehail_fee,13,YES,NUMERIC,NEVER,,,NO,,NO,NO,,NULL,NULL,
bigquery-public-data,new_york_taxi_trips,tlc_green_trips_2023,total_amount,14,YES,NUMERIC,NEVER,,,NO,,NO,NO,,NULL,NULL,
bigquery-public-data,new_york_taxi_trips,tlc_green_trips_2023,payment_type,15,YES,STRING,NEVER,,,NO,,NO,NO,,NULL,NULL,
bigquery-public-data,new_york_taxi_trips,tlc_green_trips_2023,distance_between_service,16,YES,NUMERIC,NEVER,,,NO,,NO,NO,,NULL,NULL,
bigquery-public-data,new_york_taxi_trips,tlc_green_trips_2023,time_between_service,17,YES,INT64,NEVER,,,NO,,NO,NO,,NULL,NULL,
bigquery-public-data,new_york_taxi_trips,tlc_green_trips_2023,trip_type,18,YES,STRING,NEVER,,,NO,,NO,NO,,NULL,NULL,
bigquery-public-data,new_york_taxi_trips,tlc_green_trips_2023,imp_surcharge,19,YES,NUMERIC,NEVER,,,NO,,NO,NO,,NULL,NULL,
bigquery-public-data,new_york_taxi_trips,tlc_green_trips_2023,pickup_location_id,20,YES,STRING,NEVER,,,NO,,NO,NO,,NULL,NULL,
bigquery-public-data,new_york_taxi_trips,tlc_green_trips_2023,dropoff_location_id,21,YES,STRING,NEVER,,,NO,,NO,NO,,NULL,NULL,
bigquery-public-data,new_york_taxi_trips,tlc_green_trips_2023,data_file_year,22,YES,INT64,NEVER,,,NO,,NO,NO,,NULL,NULL,
bigquery-public-data,new_york_taxi_trips,tlc_green_trips_2023,data_file_month,23,YES,INT64,NEVER,,,NO,,NO,NO,,NULL,NULL,
bigquery-public-data,new_york_taxi_trips,tlc_fhv_trips_2017,location_id,1,YES,INT64,NEVER,,,NO,,NO,NO,,NULL,NULL,
bigquery-public-data,new_york_taxi_trips,tlc_fhv_trips_2017,pickup_datetime,2,YES,DATETIME,NEVER,,,NO,,NO,NO,,NULL,NULL,
bigquery-public-data,new_york_taxi_trips,tlc_fhv_trips_2017,dispatching_base_num,3,YES,STRING,NEVER,,,NO,,NO,NO,,NULL,NULL,
bigquery-public-data,new_york_taxi_trips,tlc_fhv_trips_2017,borough,4,YES,STRING,NEVER,,,NO,,NO,NO,,NULL,NULL,
bigquery-public-data,new_york_taxi_trips,tlc_fhv_trips_2017,zone,5,YES,STRING,NEVER,,,NO,,NO,NO,,NULL,NULL,
bigquery-public-data,new_york_taxi_trips,tlc_fhv_trips_2017,service_zone,6,YES,STRING,NEVER,,,NO,,NO,NO,,NULL,NULL,
bigquery-public-data,new_york_taxi_trips,tlc_fhv_trips_2017,dropoff_datetime,7,YES,DATETIME,NEVER,,,NO,,NO,NO,,NULL,NULL,
bigquery-public-data,new_york_taxi_trips,tlc_fhv_trips_2017,dropoff_location_id,8,YES,INT64,NEVER,,,NO,,NO,NO,,NULL,NULL,
bigquery-public-data,new_york_taxi_trips,tlc_fhv_trips_2017,dropoff_borough,9,YES,STRING,NEVER,,,NO,,NO,NO,,NULL,NULL,
bigquery-public-data,new_york_taxi_trips,tlc_fhv_trips_2017,dropoff_zone,10,YES,STRING,NEVER,,,NO,,NO,NO,,NULL,NULL,
bigquery-public-data,new_york_taxi_trips,tlc_fhv_trips_2017,dropoff_service_zone,11,YES,STRING,NEVER,,,NO,,NO,NO,,NULL,NULL,
bigquery-public-data,new_york_taxi_trips,tlc_green_trips_2017,vendor_id,1,NO,STRING,NEVER,,,NO,,NO,NO,,NULL,NULL,
bigquery-public-data,new_york_taxi_trips,tlc_green_trips_2017,pickup_datetime,2,YES,TIMESTAMP,NEVER,,,NO,,NO,NO,,NULL,NULL,
bigquery-public-data,new_york_taxi_trips,tlc_green_trips_2017,dropoff_datetime,3,YES,TIMESTAMP,NEVER,,,NO,,NO,NO,,NULL,NULL,
bigquery-public-data,new_york_taxi_trips,tlc_green_trips_2017,store_and_fwd_flag,4,YES,STRING,NEVER,,,NO,,NO,NO,,NULL,NULL,
bigquery-public-data,new_york_taxi_trips,tlc_green_trips_2017,rate_code,5,YES,STRING,NEVER,,,NO,,NO,NO,,NULL,NULL,
bigquery-public-data,new_york_taxi_trips,tlc_green_trips_2017,passenger_count,6,YES,INT64,NEVER,,,NO,,NO,NO,,NULL,NULL,
bigquery-public-data,new_york_taxi_trips,tlc_green_trips_2017,trip_distance,7,YES,NUMERIC,NEVER,,,NO,,NO,NO,,NULL,NULL,
bigquery-public-data,new_york_taxi_trips,tlc_green_trips_2017,fare_amount,8,YES,NUMERIC,NEVER,,,NO,,NO,NO,,NULL,NULL,
bigquery-public-data,new_york_taxi_trips,tlc_green_trips_2017,extra,9,YES,NUMERIC,NEVER,,,NO,,NO,NO,,NULL,NULL,
bigquery-public-data,new_york_taxi_trips,tlc_green_trips_2017,mta_tax,10,YES,NUMERIC,NEVER,,,NO,,NO,NO,,NULL,NULL,
bigquery-public-data,new_york_taxi_trips,tlc_green_trips_2017,tip_amount,11,YES,NUMERIC,NEVER,,,NO,,NO,NO,,NULL,NULL,
bigquery-public-data,new_york_taxi_trips,tlc_green_trips_2017,tolls_amount,12,YES,NUMERIC,NEVER,,,NO,,NO,NO,,NULL,NULL,
bigquery-public-data,new_york_taxi_trips,tlc_green_trips_2017,ehail_fee,13,YES,NUMERIC,NEVER,,,NO,,NO,NO,,NULL,NULL,
bigquery-public-data,new_york_taxi_trips,tlc_green_trips_2017,airport_fee,14,YES,NUMERIC,NEVER,,,NO,,NO,NO,,NULL,NULL,
bigquery-public-data,new_york_taxi_trips,tlc_green_trips_2017,total_amount,15,YES,NUMERIC,NEVER,,,NO,,NO,NO,,NULL,NULL,
bigquery-public-data,new_york_taxi_trips,tlc_green_trips_2017,payment_type,16,YES,STRING,NEVER,,,NO,,NO,NO,,NULL,NULL,
bigquery-public-data,new_york_taxi_trips,tlc_green_trips_2017,distance_between_service,17,YES,NUMERIC,NEVER,,,NO,,NO,NO,,NULL,NULL,
bigquery-public-data,new_york_taxi_trips,tlc_green_trips_2017,time_between_service,18,YES,INT64,NEVER,,,NO,,NO,NO,,NULL,NULL,
bigquery-public-data,new_york_taxi_trips,tlc_green_trips_2017,trip_type,19,YES,STRING,NEVER,,,NO,,NO,NO,,NULL,NULL,
bigquery-public-data,new_york_taxi_trips,tlc_green_trips_2017,imp_surcharge,20,YES,NUMERIC,NEVER,,,NO,,NO,NO,,NULL,NULL,
bigquery-public-data,new_york_taxi_trips,tlc_green_trips_2017,pickup_location_id,21,YES,STRING,NEVER,,,NO,,NO,NO,,NULL,NULL,
bigquery-public-data,new_york_taxi_trips,tlc_green_trips_2017,dropoff_location_id,22,YES,STRING,NEVER,,,NO,,NO,NO,,NULL,NULL,
bigquery-public-data,new_york_taxi_trips,tlc_green_trips_2017,data_file_year,23,YES,INT64,NEVER,,,NO,,NO,NO,,NULL,NULL,
bigquery-public-data,new_york_taxi_trips,tlc_green_trips_2017,data_file_month,24,YES,INT64,NEVER,,,NO,,NO,NO,,NULL,NULL,
bigquery-public-data,new_york_taxi_trips,tlc_yellow_trips_2011,vendor_id,1,NO,STRING,NEVER,,,NO,,NO,NO,,NULL,NULL,
bigquery-public-data,new_york_taxi_trips,tlc_yellow_trips_2011,pickup_datetime,2,YES,TIMESTAMP,NEVER,,,NO,,NO,NO,,NULL,NULL,
bigquery-public-data,new_york_taxi_trips,tlc_yellow_trips_2011,dropoff_datetime,3,YES,TIMESTAMP,NEVER,,,NO,,NO,NO,,NULL,NULL,
bigquery-public-data,new_york_taxi_trips,tlc_yellow_trips_2011,passenger_count,4,YES,INT64,NEVER,,,NO,,NO,NO,,NULL,NULL,
bigquery-public-data,new_york_taxi_trips,tlc_yellow_trips_2011,trip_distance,5,YES,NUMERIC,NEVER,,,NO,,NO,NO,,NULL,NULL,
bigquery-public-data,new_york_taxi_trips,tlc_yellow_trips_2011,rate_code,6,YES,STRING,NEVER,,,NO,,NO,NO,,NULL,NULL,
bigquery-public-data,new_york_taxi_trips,tlc_yellow_trips_2011,store_and_fwd_flag,7,YES,STRING,NEVER,,,NO,,NO,NO,,NULL,NULL,
bigquery-public-data,new_york_taxi_trips,tlc_yellow_trips_2011,payment_type,8,YES,STRING,NEVER,,,NO,,NO,NO,,NULL,NULL,
bigquery-public-data,new_york_taxi_trips,tlc_yellow_trips_2011,fare_amount,9,YES,NUMERIC,NEVER,,,NO,,NO,NO,,NULL,NULL,
bigquery-public-data,new_york_taxi_trips,tlc_yellow_trips_2011,extra,10,YES,NUMERIC,NEVER,,,NO,,NO,NO,,NULL,NULL,
bigquery-public-data,new_york_taxi_trips,tlc_yellow_trips_2011,mta_tax,11,YES,NUMERIC,NEVER,,,NO,,NO,NO,,NULL,NULL,
bigquery-public-data,new_york_taxi_trips,tlc_yellow_trips_2011,tip_amount,12,YES,NUMERIC,NEVER,,,NO,,NO,NO,,NULL,NULL,
bigquery-public-data,new_york_taxi_trips,tlc_yellow_trips_2011,tolls_amount,13,YES,NUMERIC,NEVER,,,NO,,NO,NO,,NULL,NULL,
bigquery-public-data,new_york_taxi_trips,tlc_yellow_trips_2011,imp_surcharge,14,YES,NUMERIC,NEVER,,,NO,,NO,NO,,NULL,NULL,
bigquery-public-data,new_york_taxi_trips,tlc_yellow_trips_2011,airport_fee,15,YES,NUMERIC,NEVER,,,NO,,NO,NO,,NULL,NULL,
bigquery-public-data,new_york_taxi_trips,tlc_yellow_trips_2011,total_amount,16,YES,NUMERIC,NEVER,,,NO,,NO,NO,,NULL,NULL,
bigquery-public-data,new_york_taxi_trips,tlc_yellow_trips_2011,pickup_location_id,17,YES,STRING,NEVER,,,NO,,NO,NO,,NULL,NULL,
bigquery-public-data,new_york_taxi_trips,tlc_yellow_trips_2011,dropoff_location_id,18,YES,STRING,NEVER,,,NO,,NO,NO,,NULL,NULL,
bigquery-public-data,new_york_taxi_trips,tlc_yellow_trips_2011,data_file_year,19,YES,INT64,NEVER,,,NO,,NO,NO,,NULL,NULL,
bigquery-public-data,new_york_taxi_trips,tlc_yellow_trips_2011,data_file_month,20,YES,INT64,NEVER,,,NO,,NO,NO,,NULL,NULL,
bigquery-public-data,new_york_taxi_trips,tlc_green_trips_2021,vendor_id,1,NO,STRING,NEVER,,,NO,,NO,NO,,NULL,NULL,
bigquery-public-data,new_york_taxi_trips,tlc_green_trips_2021,pickup_datetime,2,YES,TIMESTAMP,NEVER,,,NO,,NO,NO,,NULL,NULL,
bigquery-public-data,new_york_taxi_trips,tlc_green_trips_2021,dropoff_datetime,3,YES,TIMESTAMP,NEVER,,,NO,,NO,NO,,NULL,NULL,
bigquery-public-data,new_york_taxi_trips,tlc_green_trips_2021,store_and_fwd_flag,4,YES,STRING,NEVER,,,NO,,NO,NO,,NULL,NULL,
bigquery-public-data,new_york_taxi_trips,tlc_green_trips_2021,rate_code,5,YES,STRING,NEVER,,,NO,,NO,NO,,NULL,NULL,
bigquery-public-data,new_york_taxi_trips,tlc_green_trips_2021,passenger_count,6,YES,INT64,NEVER,,,NO,,NO,NO,,NULL,NULL,
bigquery-public-data,new_york_taxi_trips,tlc_green_trips_2021,trip_distance,7,YES,NUMERIC,NEVER,,,NO,,NO,NO,,NULL,NULL,
bigquery-public-data,new_york_taxi_trips,tlc_green_trips_2021,fare_amount,8,YES,NUMERIC,NEVER,,,NO,,NO,NO,,NULL,NULL,
bigquery-public-data,new_york_taxi_trips,tlc_green_trips_2021,extra,9,YES,NUMERIC,NEVER,,,NO,,NO,NO,,NULL,NULL,
bigquery-public-data,new_york_taxi_trips,tlc_green_trips_2021,mta_tax,10,YES,NUMERIC,NEVER,,,NO,,NO,NO,,NULL,NULL,
bigquery-public-data,new_york_taxi_trips,tlc_green_trips_2021,tip_amount,11,YES,NUMERIC,NEVER,,,NO,,NO,NO,,NULL,NULL,
bigquery-public-data,new_york_taxi_trips,tlc_green_trips_2021,tolls_amount,12,YES,NUMERIC,NEVER,,,NO,,NO,NO,,NULL,NULL,
bigquery-public-data,new_york_taxi_trips,tlc_green_trips_2021,ehail_fee,13,YES,NUMERIC,NEVER,,,NO,,NO,NO,,NULL,NULL,
bigquery-public-data,new_york_taxi_trips,tlc_green_trips_2021,airport_fee,14,YES,NUMERIC,NEVER,,,NO,,NO,NO,,NULL,NULL,
bigquery-public-data,new_york_taxi_trips,tlc_green_trips_2021,total_amount,15,YES,NUMERIC,NEVER,,,NO,,NO,NO,,NULL,NULL,
bigquery-public-data,new_york_taxi_trips,tlc_green_trips_2021,payment_type,16,YES,STRING,NEVER,,,NO,,NO,NO,,NULL,NULL,
bigquery-public-data,new_york_taxi_trips,tlc_green_trips_2021,distance_between_service,17,YES,NUMERIC,NEVER,,,NO,,NO,NO,,NULL,NULL,
bigquery-public-data,new_york_taxi_trips,tlc_green_trips_2021,time_between_service,18,YES,INT64,NEVER,,,NO,,NO,NO,,NULL,NULL,
bigquery-public-data,new_york_taxi_trips,tlc_green_trips_2021,trip_type,19,YES,STRING,NEVER,,,NO,,NO,NO,,NULL,NULL,
bigquery-public-data,new_york_taxi_trips,tlc_green_trips_2021,imp_surcharge,20,YES,NUMERIC,NEVER,,,NO,,NO,NO,,NULL,NULL,
bigquery-public-data,new_york_taxi_trips,tlc_green_trips_2021,pickup_location_id,21,YES,STRING,NEVER,,,NO,,NO,NO,,NULL,NULL,
bigquery-public-data,new_york_taxi_trips,tlc_green_trips_2021,dropoff_location_id,22,YES,STRING,NEVER,,,NO,,NO,NO,,NULL,NULL,
bigquery-public-data,new_york_taxi_trips,tlc_green_trips_2021,data_file_year,23,YES,INT64,NEVER,,,NO,,NO,NO,,NULL,NULL,
bigquery-public-data,new_york_taxi_trips,tlc_green_trips_2021,data_file_month,24,YES,INT64,NEVER,,,NO,,NO,NO,,NULL,NULL,
bigquery-public-data,new_york_taxi_trips,tlc_green_trips_2020,vendor_id,1,NO,STRING,NEVER,,,NO,,NO,NO,,NULL,NULL,
bigquery-public-data,new_york_taxi_trips,tlc_green_trips_2020,pickup_datetime,2,YES,TIMESTAMP,NEVER,,,NO,,NO,NO,,NULL,NULL,
bigquery-public-data,new_york_taxi_trips,tlc_green_trips_2020,dropoff_datetime,3,YES,TIMESTAMP,NEVER,,,NO,,NO,NO,,NULL,NULL,
bigquery-public-data,new_york_taxi_trips,tlc_green_trips_2020,store_and_fwd_flag,4,YES,STRING,NEVER,,,NO,,NO,NO,,NULL,NULL,
bigquery-public-data,new_york_taxi_trips,tlc_green_trips_2020,rate_code,5,YES,STRING,NEVER,,,NO,,NO,NO,,NULL,NULL,
bigquery-public-data,new_york_taxi_trips,tlc_green_trips_2020,passenger_count,6,YES,INT64,NEVER,,,NO,,NO,NO,,NULL,NULL,
bigquery-public-data,new_york_taxi_trips,tlc_green_trips_2020,trip_distance,7,YES,NUMERIC,NEVER,,,NO,,NO,NO,,NULL,NULL,
bigquery-public-data,new_york_taxi_trips,tlc_green_trips_2020,fare_amount,8,YES,NUMERIC,NEVER,,,NO,,NO,NO,,NULL,NULL,
bigquery-public-data,new_york_taxi_trips,tlc_green_trips_2020,extra,9,YES,NUMERIC,NEVER,,,NO,,NO,NO,,NULL,NULL,
bigquery-public-data,new_york_taxi_trips,tlc_green_trips_2020,mta_tax,10,YES,NUMERIC,NEVER,,,NO,,NO,NO,,NULL,NULL,
bigquery-public-data,new_york_taxi_trips,tlc_green_trips_2020,tip_amount,11,YES,NUMERIC,NEVER,,,NO,,NO,NO,,NULL,NULL,
bigquery-public-data,new_york_taxi_trips,tlc_green_trips_2020,tolls_amount,12,YES,NUMERIC,NEVER,,,NO,,NO,NO,,NULL,NULL,
bigquery-public-data,new_york_taxi_trips,tlc_green_trips_2020,ehail_fee,13,YES,NUMERIC,NEVER,,,NO,,NO,NO,,NULL,NULL,
bigquery-public-data,new_york_taxi_trips,tlc_green_trips_2020,airport_fee,14,YES,NUMERIC,NEVER,,,NO,,NO,NO,,NULL,NULL,
bigquery-public-data,new_york_taxi_trips,tlc_green_trips_2020,total_amount,15,YES,NUMERIC,NEVER,,,NO,,NO,NO,,NULL,NULL,
bigquery-public-data,new_york_taxi_trips,tlc_green_trips_2020,payment_type,16,YES,STRING,NEVER,,,NO,,NO,NO,,NULL,NULL,
bigquery-public-data,new_york_taxi_trips,tlc_green_trips_2020,distance_between_service,17,YES,NUMERIC,NEVER,,,NO,,NO,NO,,NULL,NULL,
bigquery-public-data,new_york_taxi_trips,tlc_green_trips_2020,time_between_service,18,YES,INT64,NEVER,,,NO,,NO,NO,,NULL,NULL,
bigquery-public-data,new_york_taxi_trips,tlc_green_trips_2020,trip_type,19,YES,STRING,NEVER,,,NO,,NO,NO,,NULL,NULL,
bigquery-public-data,new_york_taxi_trips,tlc_green_trips_2020,imp_surcharge,20,YES,NUMERIC,NEVER,,,NO,,NO,NO,,NULL,NULL,
bigquery-public-data,new_york_taxi_trips,tlc_green_trips_2020,pickup_location_id,21,YES,STRING,NEVER,,,NO,,NO,NO,,NULL,NULL,
bigquery-public-data,new_york_taxi_trips,tlc_green_trips_2020,dropoff_location_id,22,YES,STRING,NEVER,,,NO,,NO,NO,,NULL,NULL,
bigquery-public-data,new_york_taxi_trips,tlc_green_trips_2020,data_file_year,23,YES,INT64,NEVER,,,NO,,NO,NO,,NULL,NULL,
bigquery-public-data,new_york_taxi_trips,tlc_green_trips_2020,data_file_month,24,YES,INT64,NEVER,,,NO,,NO,NO,,NULL,NULL,
bigquery-public-data,new_york_taxi_trips,tlc_green_trips_2016,vendor_id,1,NO,STRING,NEVER,,,NO,,NO,NO,,NULL,NULL,
bigquery-public-data,new_york_taxi_trips,tlc_green_trips_2016,pickup_datetime,2,YES,TIMESTAMP,NEVER,,,NO,,NO,NO,,NULL,NULL,
bigquery-public-data,new_york_taxi_trips,tlc_green_trips_2016,dropoff_datetime,3,YES,TIMESTAMP,NEVER,,,NO,,NO,NO,,NULL,NULL,
bigquery-public-data,new_york_taxi_trips,tlc_green_trips_2016,store_and_fwd_flag,4,YES,STRING,NEVER,,,NO,,NO,NO,,NULL,NULL,
bigquery-public-data,new_york_taxi_trips,tlc_green_trips_2016,rate_code,5,YES,STRING,NEVER,,,NO,,NO,NO,,NULL,NULL,
bigquery-public-data,new_york_taxi_trips,tlc_green_trips_2016,passenger_count,6,YES,INT64,NEVER,,,NO,,NO,NO,,NULL,NULL,
bigquery-public-data,new_york_taxi_trips,tlc_green_trips_2016,trip_distance,7,YES,NUMERIC,NEVER,,,NO,,NO,NO,,NULL,NULL,
bigquery-public-data,new_york_taxi_trips,tlc_green_trips_2016,fare_amount,8,YES,NUMERIC,NEVER,,,NO,,NO,NO,,NULL,NULL,
bigquery-public-data,new_york_taxi_trips,tlc_green_trips_2016,extra,9,YES,NUMERIC,NEVER,,,NO,,NO,NO,,NULL,NULL,
bigquery-public-data,new_york_taxi_trips,tlc_green_trips_2016,mta_tax,10,YES,NUMERIC,NEVER,,,NO,,NO,NO,,NULL,NULL,
bigquery-public-data,new_york_taxi_trips,tlc_green_trips_2016,tip_amount,11,YES,NUMERIC,NEVER,,,NO,,NO,NO,,NULL,NULL,
bigquery-public-data,new_york_taxi_trips,tlc_green_trips_2016,tolls_amount,12,YES,NUMERIC,NEVER,,,NO,,NO,NO,,NULL,NULL,
bigquery-public-data,new_york_taxi_trips,tlc_green_trips_2016,ehail_fee,13,YES,NUMERIC,NEVER,,,NO,,NO,NO,,NULL,NULL,
bigquery-public-data,new_york_taxi_trips,tlc_green_trips_2016,airport_fee,14,YES,NUMERIC,NEVER,,,NO,,NO,NO,,NULL,NULL,
bigquery-public-data,new_york_taxi_trips,tlc_green_trips_2016,total_amount,15,YES,NUMERIC,NEVER,,,NO,,NO,NO,,NULL,NULL,
bigquery-public-data,new_york_taxi_trips,tlc_green_trips_2016,payment_type,16,YES,STRING,NEVER,,,NO,,NO,NO,,NULL,NULL,
bigquery-public-data,new_york_taxi_trips,tlc_green_trips_2016,distance_between_service,17,YES,NUMERIC,NEVER,,,NO,,NO,NO,,NULL,NULL,
bigquery-public-data,new_york_taxi_trips,tlc_green_trips_2016,time_between_service,18,YES,INT64,NEVER,,,NO,,NO,NO,,NULL,NULL,
bigquery-public-data,new_york_taxi_trips,tlc_green_trips_2016,trip_type,19,YES,STRING,NEVER,,,NO,,NO,NO,,NULL,NULL,
bigquery-public-data,new_york_taxi_trips,tlc_green_trips_2016,imp_surcharge,20,YES,NUMERIC,NEVER,,,NO,,NO,NO,,NULL,NULL,
bigquery-public-data,new_york_taxi_trips,tlc_green_trips_2016,pickup_location_id,21,YES,STRING,NEVER,,,NO,,NO,NO,,NULL,NULL,
bigquery-public-data,new_york_taxi_trips,tlc_green_trips_2016,dropoff_location_id,22,YES,STRING,NEVER,,,NO,,NO,NO,,NULL,NULL,
bigquery-public-data,new_york_taxi_trips,tlc_green_trips_2016,data_file_year,23,YES,INT64,NEVER,,,NO,,NO,NO,,NULL,NULL,
bigquery-public-data,new_york_taxi_trips,tlc_green_trips_2016,data_file_month,24,YES,INT64,NEVER,,,NO,,NO,NO,,NULL,NULL,
bigquery-public-data,new_york_taxi_trips,tlc_yellow_trips_2021,vendor_id,1,NO,STRING,NEVER,,,NO,,NO,NO,,NULL,NULL,
bigquery-public-data,new_york_taxi_trips,tlc_yellow_trips_2021,pickup_datetime,2,YES,TIMESTAMP,NEVER,,,NO,,NO,NO,,NULL,NULL,
bigquery-public-data,new_york_taxi_trips,tlc_yellow_trips_2021,dropoff_datetime,3,YES,TIMESTAMP,NEVER,,,NO,,NO,NO,,NULL,NULL,
bigquery-public-data,new_york_taxi_trips,tlc_yellow_trips_2021,passenger_count,4,YES,INT64,NEVER,,,NO,,NO,NO,,NULL,NULL,
bigquery-public-data,new_york_taxi_trips,tlc_yellow_trips_2021,trip_distance,5,YES,NUMERIC,NEVER,,,NO,,NO,NO,,NULL,NULL,
bigquery-public-data,new_york_taxi_trips,tlc_yellow_trips_2021,rate_code,6,YES,STRING,NEVER,,,NO,,NO,NO,,NULL,NULL,
bigquery-public-data,new_york_taxi_trips,tlc_yellow_trips_2021,store_and_fwd_flag,7,YES,STRING,NEVER,,,NO,,NO,NO,,NULL,NULL,
bigquery-public-data,new_york_taxi_trips,tlc_yellow_trips_2021,payment_type,8,YES,STRING,NEVER,,,NO,,NO,NO,,NULL,NULL,
bigquery-public-data,new_york_taxi_trips,tlc_yellow_trips_2021,fare_amount,9,YES,NUMERIC,NEVER,,,NO,,NO,NO,,NULL,NULL,
bigquery-public-data,new_york_taxi_trips,tlc_yellow_trips_2021,extra,10,YES,NUMERIC,NEVER,,,NO,,NO,NO,,NULL,NULL,
bigquery-public-data,new_york_taxi_trips,tlc_yellow_trips_2021,mta_tax,11,YES,NUMERIC,NEVER,,,NO,,NO,NO,,NULL,NULL,
bigquery-public-data,new_york_taxi_trips,tlc_yellow_trips_2021,tip_amount,12,YES,NUMERIC,NEVER,,,NO,,NO,NO,,NULL,NULL,
bigquery-public-data,new_york_taxi_trips,tlc_yellow_trips_2021,tolls_amount,13,YES,NUMERIC,NEVER,,,NO,,NO,NO,,NULL,NULL,
bigquery-public-data,new_york_taxi_trips,tlc_yellow_trips_2021,imp_surcharge,14,YES,NUMERIC,NEVER,,,NO,,NO,NO,,NULL,NULL,
bigquery-public-data,new_york_taxi_trips,tlc_yellow_trips_2021,airport_fee,15,YES,NUMERIC,NEVER,,,NO,,NO,NO,,NULL,NULL,
bigquery-public-data,new_york_taxi_trips,tlc_yellow_trips_2021,total_amount,16,YES,NUMERIC,NEVER,,,NO,,NO,NO,,NULL,NULL,
bigquery-public-data,new_york_taxi_trips,tlc_yellow_trips_2021,pickup_location_id,17,YES,STRING,NEVER,,,NO,,NO,NO,,NULL,NULL,
bigquery-public-data,new_york_taxi_trips,tlc_yellow_trips_2021,dropoff_location_id,18,YES,STRING,NEVER,,,NO,,NO,NO,,NULL,NULL,
bigquery-public-data,new_york_taxi_trips,tlc_yellow_trips_2021,data_file_year,19,YES,INT64,NEVER,,,NO,,NO,NO,,NULL,NULL,
bigquery-public-data,new_york_taxi_trips,tlc_yellow_trips_2021,data_file_month,20,YES,INT64,NEVER,,,NO,,NO,NO,,NULL,NULL,
bigquery-public-data,new_york_taxi_trips,tlc_green_trips_2015,vendor_id,1,NO,STRING,NEVER,,,NO,,NO,NO,,NULL,NULL,
bigquery-public-data,new_york_taxi_trips,tlc_green_trips_2015,pickup_datetime,2,YES,TIMESTAMP,NEVER,,,NO,,NO,NO,,NULL,NULL,
bigquery-public-data,new_york_taxi_trips,tlc_green_trips_2015,dropoff_datetime,3,YES,TIMESTAMP,NEVER,,,NO,,NO,NO,,NULL,NULL,
bigquery-public-data,new_york_taxi_trips,tlc_green_trips_2015,store_and_fwd_flag,4,YES,STRING,NEVER,,,NO,,NO,NO,,NULL,NULL,
bigquery-public-data,new_york_taxi_trips,tlc_green_trips_2015,rate_code,5,YES,STRING,NEVER,,,NO,,NO,NO,,NULL,NULL,
bigquery-public-data,new_york_taxi_trips,tlc_green_trips_2015,passenger_count,6,YES,INT64,NEVER,,,NO,,NO,NO,,NULL,NULL,
bigquery-public-data,new_york_taxi_trips,tlc_green_trips_2015,trip_distance,7,YES,NUMERIC,NEVER,,,NO,,NO,NO,,NULL,NULL,
bigquery-public-data,new_york_taxi_trips,tlc_green_trips_2015,fare_amount,8,YES,NUMERIC,NEVER,,,NO,,NO,NO,,NULL,NULL,
bigquery-public-data,new_york_taxi_trips,tlc_green_trips_2015,extra,9,YES,NUMERIC,NEVER,,,NO,,NO,NO,,NULL,NULL,
bigquery-public-data,new_york_taxi_trips,tlc_green_trips_2015,mta_tax,10,YES,NUMERIC,NEVER,,,NO,,NO,NO,,NULL,NULL,
bigquery-public-data,new_york_taxi_trips,tlc_green_trips_2015,tip_amount,11,YES,NUMERIC,NEVER,,,NO,,NO,NO,,NULL,NULL,
bigquery-public-data,new_york_taxi_trips,tlc_green_trips_2015,tolls_amount,12,YES,NUMERIC,NEVER,,,NO,,NO,NO,,NULL,NULL,
bigquery-public-data,new_york_taxi_trips,tlc_green_trips_2015,ehail_fee,13,YES,NUMERIC,NEVER,,,NO,,NO,NO,,NULL,NULL,
bigquery-public-data,new_york_taxi_trips,tlc_green_trips_2015,airport_fee,14,YES,NUMERIC,NEVER,,,NO,,NO,NO,,NULL,NULL,
bigquery-public-data,new_york_taxi_trips,tlc_green_trips_2015,total_amount,15,YES,NUMERIC,NEVER,,,NO,,NO,NO,,NULL,NULL,
bigquery-public-data,new_york_taxi_trips,tlc_green_trips_2015,payment_type,16,YES,STRING,NEVER,,,NO,,NO,NO,,NULL,NULL,
bigquery-public-data,new_york_taxi_trips,tlc_green_trips_2015,distance_between_service,17,YES,NUMERIC,NEVER,,,NO,,NO,NO,,NULL,NULL,
bigquery-public-data,new_york_taxi_trips,tlc_green_trips_2015,time_between_service,18,YES,INT64,NEVER,,,NO,,NO,NO,,NULL,NULL,
bigquery-public-data,new_york_taxi_trips,tlc_green_trips_2015,trip_type,19,YES,STRING,NEVER,,,NO,,NO,NO,,NULL,NULL,
bigquery-public-data,new_york_taxi_trips,tlc_green_trips_2015,imp_surcharge,20,YES,NUMERIC,NEVER,,,NO,,NO,NO,,NULL,NULL,
bigquery-public-data,new_york_taxi_trips,tlc_green_trips_2015,pickup_location_id,21,YES,STRING,NEVER,,,NO,,NO,NO,,NULL,NULL,
bigquery-public-data,new_york_taxi_trips,tlc_green_trips_2015,dropoff_location_id,22,YES,STRING,NEVER,,,NO,,NO,NO,,NULL,NULL,
bigquery-public-data,new_york_taxi_trips,tlc_green_trips_2015,data_file_year,23,YES,INT64,NEVER,,,NO,,NO,NO,,NULL,NULL,
bigquery-public-data,new_york_taxi_trips,tlc_green_trips_2015,data_file_month,24,YES,INT64,NEVER,,,NO,,NO,NO,,NULL,NULL,
bigquery-public-data,new_york_taxi_trips,tlc_yellow_trips_2013,vendor_id,1,NO,STRING,NEVER,,,NO,,NO,NO,,NULL,NULL,
bigquery-public-data,new_york_taxi_trips,tlc_yellow_trips_2013,pickup_datetime,2,YES,TIMESTAMP,NEVER,,,NO,,NO,NO,,NULL,NULL,
bigquery-public-data,new_york_taxi_trips,tlc_yellow_trips_2013,dropoff_datetime,3,YES,TIMESTAMP,NEVER,,,NO,,NO,NO,,NULL,NULL,
bigquery-public-data,new_york_taxi_trips,tlc_yellow_trips_2013,passenger_count,4,YES,INT64,NEVER,,,NO,,NO,NO,,NULL,NULL,
bigquery-public-data,new_york_taxi_trips,tlc_yellow_trips_2013,trip_distance,5,YES,NUMERIC,NEVER,,,NO,,NO,NO,,NULL,NULL,
bigquery-public-data,new_york_taxi_trips,tlc_yellow_trips_2013,rate_code,6,YES,STRING,NEVER,,,NO,,NO,NO,,NULL,NULL,
bigquery-public-data,new_york_taxi_trips,tlc_yellow_trips_2013,store_and_fwd_flag,7,YES,STRING,NEVER,,,NO,,NO,NO,,NULL,NULL,
bigquery-public-data,new_york_taxi_trips,tlc_yellow_trips_2013,payment_type,8,YES,STRING,NEVER,,,NO,,NO,NO,,NULL,NULL,
bigquery-public-data,new_york_taxi_trips,tlc_yellow_trips_2013,fare_amount,9,YES,NUMERIC,NEVER,,,NO,,NO,NO,,NULL,NULL,
bigquery-public-data,new_york_taxi_trips,tlc_yellow_trips_2013,extra,10,YES,NUMERIC,NEVER,,,NO,,NO,NO,,NULL,NULL,
bigquery-public-data,new_york_taxi_trips,tlc_yellow_trips_2013,mta_tax,11,YES,NUMERIC,NEVER,,,NO,,NO,NO,,NULL,NULL,
bigquery-public-data,new_york_taxi_trips,tlc_yellow_trips_2013,tip_amount,12,YES,NUMERIC,NEVER,,,NO,,NO,NO,,NULL,NULL,
bigquery-public-data,new_york_taxi_trips,tlc_yellow_trips_2013,tolls_amount,13,YES,NUMERIC,NEVER,,,NO,,NO,NO,,NULL,NULL,
bigquery-public-data,new_york_taxi_trips,tlc_yellow_trips_2013,imp_surcharge,14,YES,NUMERIC,NEVER,,,NO,,NO,NO,,NULL,NULL,
bigquery-public-data,new_york_taxi_trips,tlc_yellow_trips_2013,airport_fee,15,YES,NUMERIC,NEVER,,,NO,,NO,NO,,NULL,NULL,
bigquery-public-data,new_york_taxi_trips,tlc_yellow_trips_2013,total_amount,16,YES,NUMERIC,NEVER,,,NO,,NO,NO,,NULL,NULL,
bigquery-public-data,new_york_taxi_trips,tlc_yellow_trips_2013,pickup_location_id,17,YES,STRING,NEVER,,,NO,,NO,NO,,NULL,NULL,
bigquery-public-data,new_york_taxi_trips,tlc_yellow_trips_2013,dropoff_location_id,18,YES,STRING,NEVER,,,NO,,NO,NO,,NULL,NULL,
bigquery-public-data,new_york_taxi_trips,tlc_yellow_trips_2013,data_file_year,19,YES,INT64,NEVER,,,NO,,NO,NO,,NULL,NULL,
bigquery-public-data,new_york_taxi_trips,tlc_yellow_trips_2013,data_file_month,20,YES,INT64,NEVER,,,NO,,NO,NO,,NULL,NULL,